{
  "rig": {
    "camera": [
      {
        "camera_model": {
          "serialno": "34178534347",
          "type": "Poly3",
          "width": 640,
          "height": 480,
          "right": [ 1, 0, 0 ],
          "down":  [ 0, 1, 0 ],
          "forward": [ 0, 0, 1 ],
          "param_names": [ "fu", "fv", "u0", "v0", "k1", "k2", "k3" ],
          "params": [ 1066.778, 1067.487, 312.9869, 241.3109, 0.04112172, -0.4798174, 1.890084 ]
        },
        "pose": [ [ 0.9997563, 0.02131301, -0.005761033, 0.02627148 ], [ -0.02132165, 0.9997716, -0.001442874, -0.0001685539 ], [ 0.005728965, 0.001565357, 0.9999824, 0.0002760285  ] ]
      },
      {
        "camera_model": {
          "serialno": "34178534347",
          "type": "Poly3",
          "width": 640,
          "height": 480,
          "right": [ 1, 0, 0 ],
          "down": [ 0, 1, 0 ],
          "forward": [ 0, 0, 1 ],
          "param_names": [ "fu", "fv", "u0", "v0", "k1", "k2", "k3" ],
          "params": [ 567.6188, 568.1618, 310.0724, 242.7912, -0.04473138, 0.04182441, -0.05535384 ]
        },
        "pose": [ [ 1, 0, 0, 0 ], [ 0, 1, 0, 0 ], [ 0, 0, 1, 0 ] ]
      }
    ]
  }
}
